Datum,Dotčené stránky
2026-01-27,2779
2026-01-28,2757
2026-01-29,2757
2026-01-30,2757
2026-01-31,2757
2026-02-01,2755
2026-02-02,2755
2026-02-03,2755
2026-02-04,2748
2026-02-05,2748
2026-02-06,2748
2026-02-07,2748
2026-02-08,2722
2026-02-09,2722
2026-02-10,2722
2026-02-11,2719
2026-02-12,2719
2026-02-13,2719
2026-02-14,2719
2026-02-15,2502
2026-02-16,2502
2026-02-17,2502
2026-02-18,2583
2026-02-19,2583
2026-02-20,2583
2026-02-21,2583
2026-02-22,2900
2026-02-23,2900
2026-02-24,2900
2026-02-25,2769
2026-02-26,2769
2026-02-27,2769
2026-02-28,2769
2026-03-01,2769
2026-03-02,2769
2026-03-03,2769
2026-03-04,2725
2026-03-05,2725
2026-03-06,2725
2026-03-07,2725
2026-03-08,2662
2026-03-09,2662
2026-03-10,2662
2026-03-11,2524
2026-03-12,2524
2026-03-13,2524
2026-03-14,2524
2026-03-15,2524
2026-03-16,2505
2026-03-17,2505
2026-03-18,2428
2026-03-19,2428
2026-03-20,2428
2026-03-21,2428
2026-03-22,2345
2026-03-23,2345
2026-03-24,2345
2026-03-25,2263
2026-03-26,2263
2026-03-27,2263
2026-03-28,2263
2026-03-29,2231
2026-03-30,2231
2026-03-31,2231
2026-04-01,2221
2026-04-02,2221
2026-04-03,2221
2026-04-04,2221
2026-04-05,2171
2026-04-06,2171
2026-04-07,2054
2026-04-08,2054
2026-04-09,2054
2026-04-10,2054
2026-04-11,1977
2026-04-12,1977
2026-04-13,1977
2026-04-14,1722
2026-04-15,1722
2026-04-16,1722
2026-04-17,1722
2026-04-18,1430
2026-04-19,1430
2026-04-20,1430
2026-04-21,1368
2026-04-22,1368
2026-04-23,1368
2026-04-24,1368